stability_sample_id,xai_sample_id,test_index,relative_path,filename,subject_id,eye_state,gender,glasses,reflection,lighting,sensor,split,true_label,true_class,correct_mobilenetv3,prob_target_mobilenetv3,prob_open_mobilenetv3,correct_shufflenetv2,prob_target_shufflenetv2,prob_open_shufflenetv2,correct_efficientnet_b0,prob_target_efficientnet_b0,prob_open_efficientnet_b0,correct_deit_tiny,prob_target_deit_tiny,prob_open_deit_tiny,correct_repvit_m1_0,prob_target_repvit_m1_0,prob_open_repvit_m1_0,correct_efficientformer_l1,prob_target_efficientformer_l1,prob_open_efficientformer_l1,n_models_correct,common_correct_all_six,min_prob_target_all_six,mean_prob_target_all_six,max_prob_target_all_six,selection_hash,selection_rank_within_stratum,sampling_quota,image_sha256,stability_hash,stability_rank_within_stratum
XAI_STAB_001,XAI_0016,578,s0002/s0002_00579_0_0_0_0_0_01.png,s0002_00579_0_0_0_0_0_01.png,s0002,0,0,0,0,0,1,test,0,closed,True,0.999999999996201,3.798998442217094e-12,True,0.9999999285124943,7.148750569285768e-08,True,0.9999999998577457,1.4225431943515332e-10,True,0.999998738923864,1.2610761359610478e-06,True,0.99999948304486,5.1695514e-07,True,0.99999993747946,6.252054e-08,6,True,0.999998738923864,0.9999996813024374,0.999999999996201,03294df695d02bdcda0775a80ce292f8e0fb07784097d484df70a4949c813933,16,50,950fb2fc37906c0a73d9ba30d1f35b8d44a879f95c5a1f59887d7c2b439424d5,0699459bf264675ee2c221d654f3363a456c7dce518fb0b30a4a58cfa68690c3,1
XAI_STAB_002,XAI_0032,732,s0002/s0002_00733_0_0_0_0_0_01.png,s0002_00733_0_0_0_0_0_01.png,s0002,0,0,0,0,0,1,test,0,closed,True,0.9999999999999303,6.975156400818723e-14,True,0.9999999927833003,7.216699682288663e-09,True,0.9999999954390901,4.560909871997865e-09,True,0.9999998752366253,1.247633747425425e-07,True,0.99999990006672,9.993328e-08,True,0.99999997957357,2.042643e-08,6,True,0.9999998752366253,0.9999999571832059,0.9999999999999303,06c9aff53c0867078b81b495b93c4b1f0462a65ba0571102778c8076f32f011c,32,50,fcc962a284cf5a9881d5da375bb92f0b4440014d76f9957df306c656f35e6fbf,0a4cdb94d1e393a94a99dd0e1b4540a37c91500579070ec512f83aa2b233a4ab,2
XAI_STAB_003,XAI_0020,833,s0002/s0002_00834_0_0_0_0_0_01.png,s0002_00834_0_0_0_0_0_01.png,s0002,0,0,0,0,0,1,test,0,closed,True,0.9998340894089779,0.0001659105910221,True,0.9999990562661196,9.437338803763852e-07,True,0.9999998626157094,1.3738429061049828e-07,True,0.999998947472136,1.0525278639761382e-06,True,0.9999999982973795,1.7026205e-09,True,0.999998943017,1.056983e-06,6,True,0.9998340894089779,0.9999718161795538,0.9999999982973795,03f064b8ff549dbdb22d59578c9b7e743a28c01772e02a0cb1dcbdb5a80c7082,20,50,552aaa80f0c9a489a3a4a49a2fe4d8effe1d99ab5e921f47a9553c4d8e4382a4,1436dc969b977cd98162b3c5c30319d14e550ea0a525ed06f7cf91a9c0b06ed4,3
XAI_STAB_004,XAI_0048,861,s0002/s0002_00862_0_0_0_0_0_01.png,s0002_00862_0_0_0_0_0_01.png,s0002,0,0,0,0,0,1,test,0,closed,True,0.9999952314237817,4.768576218339149e-06,True,0.9997570561536123,0.0002429438463877,True,0.9998675403476228,0.0001324596523772,True,0.9999989153363913,1.0846636087080697e-06,True,0.99999987347549,1.2652451e-07,True,0.999999505048,4.94952e-07,6,True,0.9997570561536123,0.9999363536308162,0.99999987347549,0b472bf88827a1a13eb6599e7e1d9a051d68efde01b9eed408c8280ff3e0061a,48,50,8513fae9c861a21e84ccd8600ab5982623f2ea17a07d59a7dab6ae3eb698bc3f,1e1ba8a48c3c88d7052bd7f0032fdf59edb7e648eae76dbe9ad32f95891f8d40,4
XAI_STAB_005,XAI_0024,382,s0002/s0002_00383_0_0_0_0_1_01.png,s0002_00383_0_0_0_0_1_01.png,s0002,0,0,0,0,1,1,test,0,closed,True,0.9996493936341722,0.0003506063658278,True,0.9999988147113754,1.185288624583336e-06,True,0.9999989139307672,1.0860692327696595e-06,True,0.9999965705819704,3.429418029554654e-06,True,0.99999927182506,7.2817494e-07,True,0.9999984765728,1.5234272e-06,6,True,0.9996493936341722,0.9999402402093575,0.99999927182506,04c31b39b0b895f0aa022eae68c2005733f3cd68b57556d3a7ca8d0e9976a86a,24,50,01acee9bbcb45cd157c333a0668f8ddbfebc45b998fd2bd0826d61b52482101f,1e8fa5709db1d27d32845e56f904334fce9393fdb008565baf13bd4a4991ad67,5
XAI_STAB_006,XAI_0011,647,s0002/s0002_00648_0_0_0_0_0_01.png,s0002_00648_0_0_0_0_0_01.png,s0002,0,0,0,0,0,1,test,0,closed,True,0.9999999999993259,6.740971713117827e-13,True,0.9999999968788489,3.121151115337284e-09,True,0.9999999997494959,2.505040896938482e-10,True,0.9999985870016417,1.4129983583188732e-06,True,0.9999999998272486,1.7275134e-10,True,0.9999998814522,1.185478e-07,6,True,0.9999985870016417,0.9999997441514602,0.9999999999993259,01a034aa3686a3ab7342c84cf69954fc23136ae78433ddabbfac67dc71109ec4,11,50,64e1767dd361cdbc69c68c7040c779882776a16b05ee086f29a39c9bd552c50e,234d7b210381c383a85e8b4162e74817a1302ff5d4927a2008bde4d88dacbc3a,6
XAI_STAB_007,XAI_0002,906,s0002/s0002_00907_0_0_0_0_0_01.png,s0002_00907_0_0_0_0_0_01.png,s0002,0,0,0,0,0,1,test,0,closed,True,0.9999999999704073,2.959262349055969e-11,True,0.9999999280899203,7.191007966866891e-08,True,0.9999999962398518,3.760148192810675e-09,True,0.9999997454618779,2.545381221352727e-07,True,0.999999964388614,3.5611386e-08,True,0.99999992694468,7.305532e-08,6,True,0.9999997454618779,0.9999999268492252,0.9999999999704073,004258c556ee5adec66b2e1de5b9f7ec411a81aa8c1b125ee060d91e282ddb34,2,50,714fa24c45845b8bf195584f4444b3d39c696f2a7b4bc8f074a3871061c519de,24efcbe29a6e7d21c141a43c3ea552088474c8b5af25e13d57c6492e67e13a3c,7
XAI_STAB_008,XAI_0061,1278,s0008/s0008_00165_0_1_0_2_0_01.png,s0008_00165_0_1_0_2_0_01.png,s0008,0,0,1,2,0,1,test,0,closed,True,0.9999999999986989,1.3011122127620789e-12,True,0.9999979198546498,2.080145350191742e-06,True,0.9999999909291164,9.070883599804349e-09,True,0.9999990189115806,9.810884193939271e-07,True,0.9999999999566626,4.333748e-11,True,0.9999967576587,3.2423413e-06,6,True,0.9999967576587,0.9999989478849013,0.9999999999986989,04549db13799a6047e882c85bc9754563373ef696e21a102a8791cce6b30f8e4,11,50,8cad8e084897592834fa3783184a8d07cc11bceaedf8f9a4627003d67796b66d,0faf1e1bb705fb20c71cfd0ea339935a6136bb1e27e222786436c8e726e3c01d,1
XAI_STAB_009,XAI_0063,1231,s0008/s0008_00118_0_1_0_1_0_01.png,s0008_00118_0_1_0_1_0_01.png,s0008,0,0,1,1,0,1,test,0,closed,True,0.9999999996776229,3.2237715275051926e-10,True,0.9999998082259083,1.9177409171788892e-07,True,0.9999978789733177,2.1210266822890844e-06,True,0.9999989831516132,1.0168483868255862e-06,True,0.9999992133083,7.866917e-07,True,0.999973173499,2.6826501e-05,6,True,0.999973173499,0.9999948428059603,0.9999999996776229,0526ae992f06d54d5238993adb00bee1060878eef7fe8f0088f31375824fa233,13,50,2903e192457cd436740c01be9e482721128702d14d408f6a20d1912d48aa09f9,160e9b9ec0976ab6b06099330e85f1992690ae529b2623ccaeced0f48e3def65,2
XAI_STAB_010,XAI_0096,1121,s0008/s0008_00008_0_1_0_0_0_01.png,s0008_00008_0_1_0_0_0_01.png,s0008,0,0,1,0,0,1,test,0,closed,True,0.9999999968432138,3.156786165803282e-09,True,0.9999999999008289,9.917115045832148e-11,True,0.999998725398882,1.2746011179842751e-06,True,0.9999992708890773,7.291109227480774e-07,True,0.99999306929,6.93071e-06,True,0.99999780415,2.19585e-06,6,True,0.99999306929,0.9999981444120003,0.9999999999008289,111d21e679797aaea8b5022a6996ab65455bde281325c1a2ded7e815951e4ddc,46,50,f7bfbc7fdb9c8403a7bee19ec4479317027887492544f461985067d39636b4d6,1917e895eb6f2cab8c1389bb0e58f2140f11ccf771468ffc8ff2a2a027d00488,3
XAI_STAB_011,XAI_0085,1749,s0008/s0008_00636_0_1_0_1_0_01.png,s0008_00636_0_1_0_1_0_01.png,s0008,0,0,1,1,0,1,test,0,closed,True,0.9999994117320625,5.882679374735744e-07,True,0.9999780119578645,2.1988042135490105e-05,True,0.9995661920111161,0.0004338079888839,True,0.9999990722679968,9.277320032197168e-07,True,0.99999849707,1.50293e-06,True,0.99993567506,6.432494e-05,6,True,0.9995661920111161,0.9999128100165066,0.9999994117320625,0c6ad6e1576f824fe7434c81c67d81f0a55098cb18114774aa97f52e5586aca2,35,50,3c9b9264ad85750e6db44552fb97211a1c80c78c3548367eb21870a68838410d,26126b94a0d907f3f773a02f07100b63ee8b7d24eedf3b667eb725b9a5fef525,4
XAI_STAB_012,XAI_0059,1725,s0008/s0008_00612_0_1_0_0_0_01.png,s0008_00612_0_1_0_0_0_01.png,s0008,0,0,1,0,0,1,test,0,closed,True,0.9999999997971956,2.0280443990827732e-10,True,0.9999999872524539,1.274754612978768e-08,True,0.9999955550142658,4.444985734153306e-06,True,0.9999999516080855,4.8391914475587334e-08,True,0.99999935148304,6.4851696e-07,True,0.999973154892,2.6845108e-05,6,True,0.999973154892,0.9999946666745069,0.9999999997971956,04078f86fabf7203c4a2787319fd6a5188624bb8bad385e1b9a16277e1a6d1dc,9,50,20850ac49223b7ae2f8fb4d19e6f60725a0c81c36d5181241250a3ac1e91df47,26259882a51d027f6c9499d5f958332a6cce8c47382544a635acb17f81ae933a,5
XAI_STAB_013,XAI_0078,1767,s0008/s0008_00654_0_1_0_2_0_01.png,s0008_00654_0_1_0_2_0_01.png,s0008,0,0,1,2,0,1,test,0,closed,True,0.9999693079589633,3.069204103667289e-05,True,0.9999820167904545,1.7983209545491263e-05,True,0.9991215730551631,0.0008784269448369,True,0.9999890481303737,1.0951869626296684e-05,True,0.99997338609,2.661391e-05,True,0.999972673999,2.7326001e-05,6,True,0.9991215730551631,0.9998346676706591,0.9999890481303737,0a14d3fad10278ec273b0996af9629c02a92efe049640c49a4c6ff553c6350c0,28,50,7bf3ef8868b1af3f08902fe98b325d64d697c1e6c96ba6bebf8dd92f5ed00f18,2890a286939e8da33ed53dc3304bda7aee0288aa92d80da609176e16f457cb4c,6
XAI_STAB_014,XAI_0088,1216,s0008/s0008_00103_0_1_0_0_0_01.png,s0008_00103_0_1_0_0_0_01.png,s0008,0,0,1,0,0,1,test,0,closed,True,0.9998107423889451,0.0001892576110549,True,0.9999954813420118,4.5186579882283695e-06,True,0.9996938012773172,0.0003061987226828,True,0.9999998305619329,1.694380671324325e-07,True,0.99999995029715,4.970285e-08,True,0.9998602563,0.0001397437,6,True,0.9996938012773172,0.9998933436945595,0.99999995029715,0e17de932e391b24cee25990058dda6a851caba046fa5f456dcd975a41699b77,38,50,7b784fb55c70024250f3f464f70471f81e7f92c640ba9f95bde010e26ae54d31,2ff772283581d0caba5539c85083afaa0304a5e330040778274f3faa0bf7dee8,7
XAI_STAB_015,XAI_0101,2438,s0015/s0015_00493_0_0_0_0_1_01.png,s0015_00493_0_0_0_0_1_01.png,s0015,0,0,0,0,1,1,test,0,closed,True,0.9999997575794737,2.4242052631962e-07,True,0.9999985724969065,1.4275030935095856e-06,True,0.990061366930604,0.009938633069396,True,0.9996557288977784,0.0003442711022216,True,0.9999986971297,1.3028703e-06,True,0.99979641082,0.00020358918,6,True,0.990061366930604,0.9982517556424105,0.9999997575794737,0021fd5aec2e5e64dc86ff422febac28bdc27f69cddb50f367a77e1dfd73c888,1,50,4f6ad672a7a184621d4ace0aaedd03dfb8a91ba6bac9cabcbfa29274cc73e8a0,0b12ab5999b0679eddf2d50b356071a666c4887bc5f92228c9b78eedc972b88b,1
XAI_STAB_016,XAI_0137,2249,s0015/s0015_00304_0_0_0_0_1_01.png,s0015_00304_0_0_0_0_1_01.png,s0015,0,0,0,0,1,1,test,0,closed,True,0.9999987342055192,1.265794480787008e-06,True,0.9999999401995012,5.980049877507554e-08,True,0.9999820544126123,1.7945587387657724e-05,True,0.9966836837120355,0.0033163162879645,True,0.9999978590981,2.1409019e-06,True,0.99999943602916,5.6397084e-07,6,True,0.9966836837120355,0.9994436179428213,0.9999999401995012,092e59a2f8a39d13f6b4d88f2c3037bab53868bec4b8b7f35f3d3e839cadca11,37,50,88971be301d21c10eca8f776d4bbdb2bb639301d99aa10491ea61d2332758d30,0c3151dec085dcb9905cd8d453e63056a6e00ce2376b266352bbd9c839232342,2
XAI_STAB_017,XAI_0144,2567,s0015/s0015_00622_0_0_0_0_1_01.png,s0015_00622_0_0_0_0_1_01.png,s0015,0,0,0,0,1,1,test,0,closed,True,0.9999999983835454,1.6164546368102604e-09,True,0.9999999963606383,3.639361700891186e-09,True,0.9999778446635901,2.215533640992362e-05,True,0.9999982352461529,1.7647538470555446e-06,True,0.99999992682866,7.317134e-08,True,0.99999987848514,1.2151486e-07,6,True,0.9999778446635901,0.9999959799946211,0.9999999983835454,0bb2567b23cbb9144f84449902b0297bfdadc8b3001a8f816a264d6b12ca4892,44,50,90555da3c68ff7549f262e9dd451dc48de2703ae72d8b8857ad519c8b6239907,11fea78d4062df88821a5dd124347b59ca85c7d07b19d52619c78be04ef07465,3
XAI_STAB_018,XAI_0109,2538,s0015/s0015_00593_0_0_0_0_1_01.png,s0015_00593_0_0_0_0_1_01.png,s0015,0,0,0,0,1,1,test,0,closed,True,0.9999999993356561,6.64343857703642e-10,True,0.9999964138689847,3.586131015254068e-06,True,0.9999977922107064,2.2077892936067656e-06,True,0.9999850916619835,1.4908338016539346e-05,True,0.99999972908202,2.7091798e-07,True,0.9999973768884,2.6231116e-06,6,True,0.9999850916619835,0.999996067174625,0.9999999993356561,01cec8961111bd7078dcfd1ed870df078f6e8b9aafb3802e2043f8ed85d0f587,9,50,d4a57b3dd3f87ba70643893c9dbf4d0996ea8e612911dbd6b335ad183396605b,1930774d7bb5bb42a9eb1e7d14334b64d46d0a37adb51ff8306bfea0cacffa5a,4
XAI_STAB_019,XAI_0130,2488,s0015/s0015_00543_0_0_0_0_0_01.png,s0015_00543_0_0_0_0_0_01.png,s0015,0,0,0,0,0,1,test,0,closed,True,0.9999999183683528,8.163164721963767e-08,True,0.9999858902256165,1.4109774383541662e-05,True,0.999990395099303,9.604900697013363e-06,True,0.9999985791778272,1.4208221728040371e-06,True,0.9999975331762,2.4668238e-06,True,0.99981623575,0.00018376425,6,True,0.99981623575,0.9999647586328831,0.9999999183683528,081d5ce64296a296d05272372aa9556673e65bc5a46ae4de01e26b642d920786,30,50,0b9205e5fbea6065d41f7519ab5085b130b80637f0ec25d73f7a255d0c621da8,1998edccb357c2a4cef1deea2634cb43f13d02657a52d260a2686569129dbd68,5
XAI_STAB_020,XAI_0145,2693,s0015/s0015_00748_0_0_0_0_0_01.png,s0015_00748_0_0_0_0_0_01.png,s0015,0,0,0,0,0,1,test,0,closed,True,0.9999976744306878,2.3255693122337107e-06,True,0.9999805190691404,1.948093085957225e-05,True,0.9999726775440649,2.732245593506377e-05,True,0.9999946004545563,5.399545443651732e-06,True,0.9999988830647,1.1169353e-06,True,0.99980771163,0.00019228837,6,True,0.99980771163,0.9999586776988583,0.9999988830647,0c0bc028a08289d885bf90c3ae4a3998271ac080a971847372cd4f8db0f7d031,45,50,741363291a6aff766a8c45086e1c8fd11a0b5ff0057e27be836227eed18744f4,2462289327c23a5a10319538a27f8636bca39736a3232ab7e232a85a53ce63fd,6
XAI_STAB_021,XAI_0157,4769,s0016/s0016_01692_1_0_0_0_1_01.png,s0016_01692_1_0_0_0_1_01.png,s0016,0,1,0,0,1,1,test,0,closed,True,0.999977631816364,2.2368183635990132e-05,True,0.9999969998705183,3.000129481733893e-06,True,0.9865602552890778,0.0134397447109222,True,0.9782946910709143,0.0217053089290857,True,0.97987627,0.02012373,True,0.98262304,0.01737696,6,True,0.9782946910709143,0.9878881480078124,0.9999969998705183,016da13585f118b9121a5a311c59460c572d3acd363563c0da049d4ac56f481b,7,50,9f6219b5c053aab1c8f0ca8342dec582a9e2ece46790720a6e85e9fdda4f4a14,068b90ac3ef0d0758369adec4bf161d32e9cf18943081d7a9d273a43650ff141,1
XAI_STAB_022,XAI_0175,3155,s0016/s0016_00078_1_0_0_0_1_01.png,s0016_00078_1_0_0_0_1_01.png,s0016,0,1,0,0,1,1,test,0,closed,True,0.9999401152672363,5.9884732763748616e-05,True,0.9999987317573868,1.2682426131505051e-06,True,0.9987373229814694,0.0012626770185306,True,0.9696541763842106,0.0303458236157894,True,0.9977948335,0.0022051665,True,0.99945114326,0.00054885674,6,True,0.9696541763842106,0.9942627205250506,0.9999987317573868,0402d3fa6f4a7b7daf88dc905c62bd4a008d0ac9ff163dd44940482f77ecb134,25,50,7b8ea7845c476b84210775624b9873a8c3ae12df490756f48956c9be3ecc3874,0c07e4e8d7c01df1d179aab9482854f99061fc57df131cc1a4a675337b37d510,2
XAI_STAB_023,XAI_0158,3597,s0016/s0016_00520_1_0_0_0_1_01.png,s0016_00520_1_0_0_0_1_01.png,s0016,0,1,0,0,1,1,test,0,closed,True,0.9999366435149568,6.33564850431867e-05,True,0.9999999753461672,2.4653832753074312e-08,True,0.992859828285873,0.007140171714127,True,0.9999838162311789,1.6183768821065314e-05,True,0.99941425235,0.00058574765,True,0.99982922529,0.00017077471,6,True,0.992859828285873,0.9986706235030294,0.9999999753461672,017c5f0d30b87c98ac57d6fdedc18052888c632703cf2d920201ecbe6e2d00e8,8,50,1778308ad24ba1cd9c3c5b5e9e49bae97f3d20e8bd5aa7afd2838fc42cb3e25c,0c5c7f84e32c1c843370c7405e70f1f446c22d78b3fee2ca690b90320c6a8c5f,3
XAI_STAB_024,XAI_0160,4576,s0016/s0016_01499_1_0_0_0_1_01.png,s0016_01499_1_0_0_0_1_01.png,s0016,0,1,0,0,1,1,test,0,closed,True,0.9999315904351533,6.840956484666094e-05,True,0.9999992219787259,7.780212740726711e-07,True,0.9944135756231846,0.0055864243768155,True,0.9808086790144444,0.0191913209855556,True,0.83637604,0.16362396,True,0.9995227504,0.0004772496,6,True,0.83637604,0.9685086429085846,0.9999992219787259,01acd7b80eb084dd3f05c90279fb4bc0fa6184b90e042d60d76380e3f79aa06b,10,50,8adaf01a993a26c811091f99e6992a3fd755728ab1f7ca4bbbfe018b0c00f378,0d7c8a3aa9dc76d2413cf52be19e45512719ffac9fe56c13c5899e341ea90151,4
XAI_STAB_025,XAI_0193,3579,s0016/s0016_00502_1_0_0_1_1_01.png,s0016_00502_1_0_0_1_1_01.png,s0016,0,1,0,1,1,1,test,0,closed,True,0.9995107219438069,0.0004892780561931,True,0.9999998901917948,1.0980820519534973e-07,True,0.9998335801647045,0.0001664198352955,True,0.999980678610882,1.932138911797665e-05,True,0.9998386631,0.0001613369,True,0.9999975327362,2.4672638e-06,6,True,0.9995107219438069,0.9998601777912314,0.9999998901917948,06c3686b69335db832a3b8fe4fbed7e17d3d483b2888f9fe69db60e1fd9c0af3,43,50,f9e466d079e3350b41c5029cc6404ed9aa2eda3ec94db0b77279c1221e9d8022,0f0fafc266c67cd7f0d8edef6dc85e000478b0a69218cd053b669e4bfbaa3a48,5
XAI_STAB_026,XAI_0184,4237,s0016/s0016_01160_1_0_0_0_1_01.png,s0016_01160_1_0_0_0_1_01.png,s0016,0,1,0,0,1,1,test,0,closed,True,0.9996716890891549,0.0003283109108451,True,0.9999617573230353,3.824267696472816e-05,True,0.9945377465337515,0.0054622534662485,True,0.9887369219213725,0.0112630780786275,True,0.948454868,0.051545132,True,0.9952061567,0.0047938433,6,True,0.948454868,0.987761523261219,0.9999617573230353,05bec66941e8e85ee81719e3a26c1e22a455b0cd0a869870c6e031b2971014e9,34,50,3904050fe439c1c9cbb2db2e0950b3a0515e14a0b8b7b1d2b31d3e3961dc20d6,13e24451f12f56767e07ac2cf2059af83cad4e5a4e3a8ccd416ae0f1e2707486,6
XAI_STAB_027,XAI_0209,7780,s0018/s0018_02814_0_1_0_0_0_01.png,s0018_02814_0_1_0_0_0_01.png,s0018,0,0,1,0,0,1,test,0,closed,True,0.9999990377499444,9.622500556361049e-07,True,0.9999999968931865,3.1068134731526693e-09,True,0.9999918869507383,8.113049261737615e-06,True,0.9999934914708319,6.508529168058885e-06,True,0.99999995452422,4.547578e-08,True,0.999998968254,1.031746e-06,6,True,0.9999918869507383,0.9999972226404868,0.9999999968931865,008b7b73ac9a4e68e8e00aa430df755c67b9206aa2f6f27a3de9398acdc5e39f,9,50,a16211bca63da6466048efdad2a1b62a1bc84c595a309f9806b650e43a3088dd,065cba50294b3a1ee4ca8d3914f6e195233274ca631fd1349890b87645a6df1f,1
XAI_STAB_028,XAI_0231,5327,s0018/s0018_00361_0_0_0_0_1_01.png,s0018_00361_0_0_0_0_1_01.png,s0018,0,0,0,0,1,1,test,0,closed,True,0.9999815811006556,1.8418899344396777e-05,True,0.9999998997804056,1.002195944010964e-07,True,0.9999979304525368,2.069547463179333e-06,True,0.9999992217605609,7.782394391142589e-07,True,0.999997361086,2.638914e-06,True,0.99982828723,0.00017171277,6,True,0.99982828723,0.9999673802350264,0.9999998997804056,01f2561de6a8960e271f489c57544ea07f2c21f1dc55113ea86dd1972c384c0f,31,50,8607d95a9c754c964235f3ef53a8fb7f5c60a247727063521a61e1f3ff330c66,06e191cd8d7d8bd47e9e0b21b1acdd1a9dca44ed02bdd168f7c2bca31f776e8b,2
XAI_STAB_029,XAI_0232,8037,s0018/s0018_03071_0_1_0_0_0_01.png,s0018_03071_0_1_0_0_0_01.png,s0018,0,0,1,0,0,1,test,0,closed,True,0.9999998291222454,1.708777546127749e-07,True,0.9999999548306704,4.5169329609962006e-08,True,0.999996271789314,3.728210685949307e-06,True,0.9999711898199166,2.8810180083382875e-05,True,0.9999999922089335,7.7910665e-09,True,0.9999974372417,2.5627583e-06,6,True,0.9999711898199166,0.99999411250213,0.9999999922089335,01f935cef0970dbe133a3be438523c4260af2ff2f231eab21aa30b191cdf222e,32,50,827cd7d325cefd6d8822fd357ca0def14f2f1001c61b573650642f026fac6c45,07f37bbe68979df99a14604c0094d122241c5f500cf5889438ea58046d873c32,3
XAI_STAB_030,XAI_0226,6393,s0018/s0018_01427_0_0_0_0_1_01.png,s0018_01427_0_0_0_0_1_01.png,s0018,0,0,0,0,1,1,test,0,closed,True,0.999999999951615,4.8385011275353656e-11,True,0.9999999937060351,6.293964904813265e-09,True,0.999998668548642,1.3314513580553466e-06,True,0.9999913403698883,8.659630111651495e-06,True,0.9999878305225,1.21694775e-05,True,0.999999935400396,6.4599604e-08,6,True,0.9999878305225,0.9999962947498461,0.999999999951615,01ad05ba5fd195ee8e752ba7151faa3113d1f63811161926887f09497e62745b,26,50,5fbed9017497f34a2f21b941e00e4772f553c1f0c2f999f915d0a3322ba5fd81,12759243c9356ee9c4cfccd18291f34b28cdebd773614d636790b4ca51f680af,4
XAI_STAB_031,XAI_0201,5496,s0018/s0018_00530_0_0_0_0_1_01.png,s0018_00530_0_0_0_0_1_01.png,s0018,0,0,0,0,1,1,test,0,closed,True,0.9999543323974649,4.566760253510438e-05,True,0.9999799839952175,2.0016004782519303e-05,True,0.9999690195145376,3.098048546235077e-05,True,0.9999000111565692,9.998884343076496e-05,True,0.999995091044,4.908956e-06,True,0.9999988514867,1.1485133e-06,6,True,0.9999000111565692,0.999966214932415,0.9999988514867,000f62f010586160e7fa412a415183279f61ecae3a8a50f82913b544dc1325e2,1,50,e0127cb3c5790a0df74ed89504881e1ec65525483c2e28737ec291f2b9321d25,19f6052dd009cfa606fe902c77d0ae0fb8791f6d18618d54cc2f9e0fec8031c3,5
XAI_STAB_032,XAI_0236,5225,s0018/s0018_00259_0_0_0_0_1_01.png,s0018_00259_0_0_0_0_1_01.png,s0018,0,0,0,0,1,1,test,0,closed,True,0.9999999774050057,2.2594994320002115e-08,True,0.9999999352585434,6.474145664014942e-08,True,0.9999470696820936,5.293031790642999e-05,True,0.9999719373445259,2.8062655474059284e-05,True,0.99999978376978,2.1623022e-07,True,0.99999950546646,4.9453354e-07,6,True,0.9999470696820936,0.9999863681544015,0.9999999774050057,024c3fe09bb598cb02c9505de490c91e6c785b528e9bb75c643f339f98d4bf61,36,50,25941ba90210bb9ec727bf05ca361858177c9a9ece42210dc0c1f8f264cdaa61,1dc688b1908843e2159839b198089e129c3a732f8d8bd04e12b3a0667d37c7f5,6
XAI_STAB_033,XAI_0259,1030,s0002/s0002_01031_0_0_1_0_0_01.png,s0002_01031_0_0_1_0_0_01.png,s0002,1,0,0,0,0,1,test,1,open,True,1.0,1.0,True,0.9996808767318726,0.9996808767318726,True,0.9988524913787842,0.9988524913787842,True,0.999528169631958,0.999528169631958,True,0.9993451,0.9993451,True,0.9972898,0.9972898,6,True,0.9972898,0.9991160729571025,1.0,128318f8a903c4bf0b0ca6a0ba6d7586ede81cdf02396e6b464e8b70c81b0ef0,9,63,230e5d1d8dcfa10a036dc6992f6d26a858a14ff4964fdb6a17b79edc383700d0,01ec12ce16cf1b87384652d522e2ce46a51c36b904f1b97a462b225058963696,1
XAI_STAB_034,XAI_0277,1107,s0002/s0002_01108_0_0_1_0_0_01.png,s0002_01108_0_0_1_0_0_01.png,s0002,1,0,0,0,0,1,test,1,open,True,1.0,1.0,True,0.999996304512024,0.999996304512024,True,0.9999921321868896,0.9999921321868896,True,0.9999897480010986,0.9999897480010986,True,0.9999809,0.9999809,True,0.99968076,0.99968076,6,True,0.99968076,0.9999399741166686,1.0,40b4a9c9f3ca3f19af3f010f686ad494e34597523ff819db5de6bcdf373c9974,27,63,912e8784429c26f16a7f4b8d610e5a416df27ccbf49134874be6c7ae5c0fb951,033d7effffaf09e98eab9c3ddc2d2d6650f54be68012e0fa1efb5c5d2f8370da,2
XAI_STAB_035,XAI_0256,1072,s0002/s0002_01073_0_0_1_0_0_01.png,s0002_01073_0_0_1_0_0_01.png,s0002,1,0,0,0,0,1,test,1,open,True,1.0,1.0,True,0.9999947547912598,0.9999947547912598,True,0.9999998807907104,0.9999998807907104,True,0.9999943971633912,0.9999943971633912,True,0.99999964,0.99999964,True,0.9999213,0.9999213,6,True,0.9999213,0.9999849954575604,1.0,0bcfdf458eb24cb011bd24a3e7925d62f1ff20cb707a212655e5725fc7f96976,6,63,7ede07a524c33c0f76e90f41a8ba9c3df2411d52a519e8708056da0e9a4cf749,0db66525bda116dc077907c43cd89997b8bcbe7b9f5c11ae38a128872022f7f4,3
XAI_STAB_036,XAI_0257,1109,s0002/s0002_01110_0_0_1_0_0_01.png,s0002_01110_0_0_1_0_0_01.png,s0002,1,0,0,0,0,1,test,1,open,True,1.0,1.0,True,0.9999985694885254,0.9999985694885254,True,1.0,1.0,True,0.9999674558639526,0.9999674558639526,True,0.9999825,0.9999825,True,0.9999534,0.9999534,6,True,0.9999534,0.9999836542254129,1.0,0fc51aaa87022f0cbfa0b478378d81c638ae4df29b36554609ba2ea25f59f410,7,63,d4c83d65956a4b27c35a12e66dfa9c672f5eb9ded65b402a3ca0e2e482bf0519,13a523fdc6ef6e53369bd622b506257e31e86ccef5fbb15a5619b73b3e433bc6,4
XAI_STAB_037,XAI_0285,1037,s0002/s0002_01038_0_0_1_0_0_01.png,s0002_01038_0_0_1_0_0_01.png,s0002,1,0,0,0,0,1,test,1,open,True,0.9979956150054932,0.9979956150054932,True,0.9926084876060486,0.9926084876060486,True,0.9849032163619996,0.9849032163619996,True,0.9959313273429872,0.9959313273429872,True,0.99897444,0.99897444,True,0.99838185,0.99838185,6,True,0.9849032163619996,0.9947991560527547,0.99897444,56e5fcedc00b2833a25db781a796883e9942aac7a5b24d16723c92a0364cd8c5,35,63,c17f8fa9b890b5d62a16472adbddb0707fcf284dbcc1168bd2145becdbebdc99,13b42bf02118147adf346c3f6edf85c644ad1203e6c3ca4ee9a1f0de036dc1c7,5
XAI_STAB_038,XAI_0300,1102,s0002/s0002_01103_0_0_1_0_0_01.png,s0002_01103_0_0_1_0_0_01.png,s0002,1,0,0,0,0,1,test,1,open,True,1.0,1.0,True,0.99998140335083,0.99998140335083,True,1.0,1.0,True,0.9999898672103882,0.9999898672103882,True,0.99999046,0.99999046,True,0.9999685,0.9999685,6,True,0.9999685,0.9999883717602032,1.0,84f61597fe58ef16403a74f87f5441d32d7903fe895aa13093773ac2205d1e1b,50,63,24f2b459cbc4769aa4595a5b86522447868e25499a10e81623d5d3c4810d98fd,166c5865c708b9da25a871a90406fdaa72f35de6e2a3c11d0ef72723ff2197ed,6
XAI_STAB_039,XAI_0252,1095,s0002/s0002_01096_0_0_1_0_0_01.png,s0002_01096_0_0_1_0_0_01.png,s0002,1,0,0,0,0,1,test,1,open,True,1.0,1.0,True,0.9999881982803344,0.9999881982803344,True,0.9999998807907104,0.9999998807907104,True,0.9999945163726808,0.9999945163726808,True,0.9999361,0.9999361,True,0.99998796,0.99998796,6,True,0.9999361,0.9999844425739544,1.0,061427cc238e9b7f6dbfef07403129609e0b708fc899300732b07e21d4a1e175,2,63,14c1e6c6c58a78cb8623364428b09b04c76bb896ffd742c761451dc008532dbb,182e217398e7a1b4b240ef18915768f867fe7eff304afd40136d6db490ce12d0,7
XAI_STAB_040,XAI_0295,1055,s0002/s0002_01056_0_0_1_0_0_01.png,s0002_01056_0_0_1_0_0_01.png,s0002,1,0,0,0,0,1,test,1,open,True,1.0,1.0,True,0.9993255138397216,0.9993255138397216,True,0.999891757965088,0.999891757965088,True,0.9992808699607848,0.9992808699607848,True,0.99996364,0.99996364,True,0.999962,0.999962,6,True,0.9992808699607848,0.9997372969609324,1.0,7059a0671830491d0d930dbf6db6b9860ce3c7a077abf415bde79bc59cdef153,45,63,9144e7010cfccde8fd6cd3a2477d2847bd50334c2470dcf314692ffdbbbaa693,1f5489f9279d5190df2619308807ecea52b4f1b7a6a1617530f6a7166264c96f,8
XAI_STAB_041,XAI_0320,3005,s0015/s0015_01060_0_0_1_0_1_01.png,s0015_01060_0_0_1_0_1_01.png,s0015,1,0,0,0,1,1,test,1,open,True,1.0,1.0,True,0.999998927116394,0.999998927116394,True,1.0,1.0,True,0.9999979734420776,0.9999979734420776,True,0.99999845,0.99999845,True,0.9999994,0.9999994,6,True,0.9999979734420776,0.9999991250930785,1.0,06c966ebb435b21bf32c09fc384d81f923392af36409a4ce28209f37a6ec4a61,7,63,abd20714129e1abd3fea0b7942466d4481ff29b713f038b19d22f171f5bed3f8,00e61de700cac45cbdd5be1ee01090619c94e0a5cafcae8ebb7b24d0e48aab29,1
XAI_STAB_042,XAI_0350,2987,s0015/s0015_01042_0_0_1_0_1_01.png,s0015_01042_0_0_1_0_1_01.png,s0015,1,0,0,0,1,1,test,1,open,True,1.0,1.0,True,0.999996542930603,0.999996542930603,True,0.9999998807907104,0.9999998807907104,True,0.9999897480010986,0.9999897480010986,True,0.99999905,0.99999905,True,0.99999547,0.99999547,6,True,0.9999897480010986,0.9999967819537353,1.0,1e5d68420bc12c5d59d9ce36644822370a9e086a72126292c194adcf891f22b0,37,63,3d2172cb6781b7a30a45dc7eb1962a06d5bf7168062d3018001086408264efe2,025718912bf6c13598ddc815ac5b6a81627d6e618fe6a4f0b19535eec32e7539,2
XAI_STAB_043,XAI_0347,3076,s0015/s0015_01131_0_0_1_0_1_01.png,s0015_01131_0_0_1_0_1_01.png,s0015,1,0,0,0,1,1,test,1,open,True,0.9999996423721312,0.9999996423721312,True,0.9999494552612304,0.9999494552612304,True,0.9999138116836548,0.9999138116836548,True,0.9999526739120485,0.9999526739120485,True,0.99999154,0.99999154,True,0.99999547,0.99999547,6,True,0.9999138116836548,0.9999670988715108,0.9999996423721312,1d22c19b136fa0a0f2dec76937fac11be8e2fa17ddfb6b8afbefeddf4f10a17e,34,63,e5027113f53b56cfbf1ae5e9a29de0dbe6b39b5c8b6087877c0ad2b746bdcd62,04467c4ffcb329b5d565aec5dd953a5bc6dce75d47718771cf31d91a9916c874,3
XAI_STAB_044,XAI_0330,3063,s0015/s0015_01118_0_0_1_0_1_01.png,s0015_01118_0_0_1_0_1_01.png,s0015,1,0,0,0,1,1,test,1,open,True,1.0,1.0,True,0.9999991655349731,0.9999991655349731,True,0.9999996423721312,0.9999996423721312,True,0.9999760389328004,0.9999760389328004,True,0.9999887,0.9999887,True,0.9999908,0.9999908,6,True,0.9999760389328004,0.9999923911399842,1.0,0c2db05fc5378cf6fd5886a89b4c162c2d84ada9036ae5078186ed6c2a83048d,17,63,712cece0af4f0bf378cb8a685689a448ac9d03043e8d29232970e8e13ca7dbbb,05a887e28a3f50ae986d4b02a4104b1528f1bf118df89e99b0db1d1774db144f,4
XAI_STAB_045,XAI_0375,2802,s0015/s0015_00857_0_0_1_0_1_01.png,s0015_00857_0_0_1_0_1_01.png,s0015,1,0,0,0,1,1,test,1,open,True,0.9999802112579346,0.9999802112579346,True,0.9999552965164183,0.9999552965164183,True,0.9999316930770874,0.9999316930770874,True,0.9999021291732788,0.9999021291732788,True,0.9996704,0.9996704,True,0.99997294,0.99997294,6,True,0.9996704,0.9999021116707866,0.9999802112579346,2f38a14e07a2c8234ec6921f496f9488990f33f7392c09edee326c67b5094ddf,62,63,b3b07656deb58ba1cf9dec2aac5aedd0112e6e605651800261756915554be534,10f2125696bf8fe7e70c9eff81378985e27fa796117efc0267f6b17b43a0857d,5
XAI_STAB_046,XAI_0339,3038,s0015/s0015_01093_0_0_1_0_0_01.png,s0015_01093_0_0_1_0_0_01.png,s0015,1,0,0,0,0,1,test,1,open,True,0.9971575736999512,0.9971575736999512,True,0.9996541738510132,0.9996541738510132,True,0.999528169631958,0.999528169631958,True,0.9966050386428832,0.9966050386428832,True,0.9791672,0.9791672,True,0.9879893,0.9879893,6,True,0.9791672,0.9933502426376343,0.9996541738510132,1355b1857ef29fa997551a6eef026dce855eca38fe8f088f6ca6183998218c24,26,63,eac97f7ebeb95bb55dfb7f0f72b2f9dfb4ae71d7efdd38208b7cc4766c648a73,180045c68cd144203761fa836b0a32a92ad2d270903e1d0d1c510a12ade2c622,6
XAI_STAB_047,XAI_0323,2983,s0015/s0015_01038_0_0_1_0_1_01.png,s0015_01038_0_0_1_0_1_01.png,s0015,1,0,0,0,1,1,test,1,open,True,1.0,1.0,True,0.9999438524246216,0.9999438524246216,True,0.9999997615814208,0.9999997615814208,True,0.9999849796295166,0.9999849796295166,True,0.9999944,0.9999944,True,0.9999999,0.9999999,6,True,0.9999438524246216,0.9999871489392599,1.0,081bc4cf34b5ba62411bc69741f060f36fa6cb97849058778b7735bcf1fa813e,10,63,0d2cbf44701e59ec0485d77c82c0d4ae241beb76a90154c90ebb3fc049dd6444,1a52937a99f447f05e36d3004787883ca46a42994eb2f98566d80246213f5f1a,7
XAI_STAB_048,XAI_0364,3031,s0015/s0015_01086_0_0_1_0_1_01.png,s0015_01086_0_0_1_0_1_01.png,s0015,1,0,0,0,1,1,test,1,open,True,1.0,1.0,True,0.9999901056289672,0.9999901056289672,True,0.9999918937683104,0.9999918937683104,True,0.9999693632125854,0.9999693632125854,True,0.9999864,0.9999864,True,0.9999268,0.9999268,6,True,0.9999268,0.9999774271016438,1.0,2836b6aef759c7224968a5a6c295b7fa36c8c60aea112f7b54c50bda94c89ee9,51,63,7e3a0053c4d3c56f089cb5cc6b7ac59bf11125229c14543e48a50f7405331f4f,1d464b0a694781241a3985eac65d833e2ce3e179bb3a50c12a040dc0b99ecffc,8
XAI_STAB_049,XAI_0406,4806,s0016/s0016_01729_1_0_1_0_1_01.png,s0016_01729_1_0_1_0_1_01.png,s0016,1,1,0,0,1,1,test,1,open,True,1.0,1.0,True,0.9999852180480956,0.9999852180480956,True,1.0,1.0,True,0.9999064207077026,0.9999064207077026,True,0.9999901,0.9999901,True,0.9991339,0.9991339,6,True,0.9991339,0.9998359397926331,1.0,267f83626d64dd9094d94e281d8db2108b6430e68a5347546e1c617ba13559ab,30,62,d9cfcc21394bfc1cadf1092b9e12f3e065254fb2667b289d68e63b81bbd40c51,017414c6eb9d461fde1ee20e8c2f18dafadd83131974e081c389c89fa442cb35,1
XAI_STAB_050,XAI_0393,4866,s0016/s0016_01789_1_0_1_0_1_01.png,s0016_01789_1_0_1_0_1_01.png,s0016,1,1,0,0,1,1,test,1,open,True,0.7770220637321472,0.7770220637321472,True,0.8328051567077637,0.8328051567077637,True,0.8709210753440857,0.8709210753440857,True,0.9862209558486938,0.9862209558486938,True,0.9904737,0.9904737,True,0.98320264,0.98320264,6,True,0.7770220637321472,0.906774265272115,0.9904737,1376c4c1eaf6fc6cab0570228d842b0962a8920e8a87fd90e343b205cd880e8c,17,62,19b102a7222317b1ecd2d3c36bf982a17ac9288013736e1e7fed34df48e7c15f,07a9b769b22414a803a2d07bd72d273c30f375ef7a96fd7b393468ccb137b97c,2
XAI_STAB_051,XAI_0391,4845,s0016/s0016_01768_1_0_1_0_1_01.png,s0016_01768_1_0_1_0_1_01.png,s0016,1,1,0,0,1,1,test,1,open,True,0.9997660517692566,0.9997660517692566,True,0.9999897480010986,0.9999897480010986,True,0.9999598264694214,0.9999598264694214,True,0.9999353885650636,0.9999353885650636,True,0.99999774,0.99999774,True,0.99999,0.99999,6,True,0.9997660517692566,0.9999397924674733,0.99999774,1006d8c41f2aec29fedcf18733af5f28b4d31c497776c4f34412b7e1d0d42b32,15,62,5e4f0abd89e7f1c256444b63d5d3a0554821f6919ed59eecf201c0e5f0146293,143b69b88d6b0b3f4908a7074366907ef9220721ce8c57fdd9072c653d494106,3
XAI_STAB_052,XAI_0412,4801,s0016/s0016_01724_1_0_1_0_1_01.png,s0016_01724_1_0_1_0_1_01.png,s0016,1,1,0,0,1,1,test,1,open,True,0.999993085861206,0.999993085861206,True,0.999990940093994,0.999990940093994,True,0.9999998807907104,0.9999998807907104,True,0.999812662601471,0.999812662601471,True,0.9999826,0.9999826,True,0.99997234,0.99997234,6,True,0.999812662601471,0.9999585848912304,0.9999998807907104,2ab9eafffbeb7ffc33b5813b7f509695d7841516efd610d2f6af7474941f1cce,36,62,1ddf665db27eed17dab6b68e141b52a58670716a4c2986c91a8f6322922db4ee,15841f13320f634d24ee63ba6bddc5d99a8261166ac2506d5dc1a947da6e2465,4
XAI_STAB_053,XAI_0435,4876,s0016/s0016_01799_1_0_1_0_0_01.png,s0016_01799_1_0_1_0_0_01.png,s0016,1,1,0,0,0,1,test,1,open,True,0.7590932250022888,0.7590932250022888,True,0.8058111071586609,0.8058111071586609,True,0.7108673453330994,0.7108673453330994,True,0.935374915599823,0.935374915599823,True,0.5628869,0.5628869,True,0.85973907,0.85973907,6,True,0.5628869,0.772295427182312,0.935374915599823,6321986c5982a1e7f8e3c05cd0c1558e02a0207ba5b0abf895de07621b057794,59,62,431935916a39085178a271e972bc41f001d008965461b1bc9430b80cc0c7cf4d,19eab46611466213e79294e3a65ddd13406d2a13834e1936eaaffeeab7da1f6d,5
XAI_STAB_054,XAI_0402,4878,s0016/s0016_01801_1_0_1_0_1_01.png,s0016_01801_1_0_1_0_1_01.png,s0016,1,1,0,0,1,1,test,1,open,True,0.9999896287918092,0.9999896287918092,True,0.9999641180038452,0.9999641180038452,True,0.9999996423721312,0.9999996423721312,True,0.9993773102760316,0.9993773102760316,True,0.99995244,0.99995244,True,0.9997131,0.9997131,6,True,0.9993773102760316,0.9998327065739696,0.9999996423721312,2251826ff8556ecc14653d64cb930b7c25bb3f92bbaccdf46180234f592a630f,26,62,711c0300c3252c82f89e521a772612705e2e65fdd6f5572d9646c469be92ec3a,1acd7db67802a40affcfe1d62311ec58304cea4da4dda086d83a97c646d97ba9,6
XAI_STAB_055,XAI_0377,4911,s0016/s0016_01834_1_0_1_0_0_01.png,s0016_01834_1_0_1_0_0_01.png,s0016,1,1,0,0,0,1,test,1,open,True,0.9873671531677246,0.9873671531677246,True,0.9973405003547668,0.9973405003547668,True,0.7448962330818176,0.7448962330818176,True,0.9837534427642822,0.9837534427642822,True,0.99222744,0.99222744,True,0.9994967,0.9994967,6,True,0.7448962330818176,0.9508469115614319,0.9994967,01c67aca2cb25d6a2ead29f7a635701283c8413d0546f9d1660ece3049ad8ff3,1,62,9c0fe6adc63c07c5a66d62ff6343b6b0d140d670deae51c6b65f39485990ded7,1bca6ee96afbe3efeef89c9262713a356992276163e47be3d5ad6f1196984ce2,7
XAI_STAB_056,XAI_0407,4836,s0016/s0016_01759_1_0_1_0_1_01.png,s0016_01759_1_0_1_0_1_01.png,s0016,1,1,0,0,1,1,test,1,open,True,0.912323832511902,0.912323832511902,True,0.9621949195861816,0.9621949195861816,True,0.9396506547927856,0.9396506547927856,True,0.9866862297058104,0.9866862297058104,True,0.8970584,0.8970584,True,0.9963039,0.9963039,6,True,0.8970584,0.9490363227661133,0.9963039,268335c166706ffc16ac4c4e318215a2357afa14cc7239e65d5e6c20f6dd48f6,31,62,a0f4809d680a8526123eefc052631640eb9b98d95d5f8875a58c4177450d7b32,1c221738c323b7950455eb8a2ef0d56dd678c298f68d74a56910f65abe11fc1e,8
XAI_STAB_057,XAI_0468,8754,s0018/s0018_03788_0_0_1_0_1_01.png,s0018_03788_0_0_1_0_1_01.png,s0018,1,0,0,0,1,1,test,1,open,True,1.0,1.0,True,0.9999715089797974,0.9999715089797974,True,0.9999966621398926,0.9999966621398926,True,0.9999637603759766,0.9999637603759766,True,0.9998809,0.9998809,True,0.99992037,0.99992037,6,True,0.9998809,0.999955533582611,1.0,0cded2339feac249feb8eccfef4d95209f3c2a9d6a1b1bc2c2a21acf69c32efb,30,62,44207c1600fd65113d8cb1978f3f7007a0108beaa829edde8751850853d42cd0,0a2f9f8da53aefd6c6241bfc5758d79487c51ad94497cc99510af974044ccdd0,1
XAI_STAB_058,XAI_0485,8914,s0018/s0018_03948_0_0_1_0_1_01.png,s0018_03948_0_0_1_0_1_01.png,s0018,1,0,0,0,1,1,test,1,open,True,0.999998927116394,0.999998927116394,True,0.9999222755432128,0.9999222755432128,True,0.9959155917167664,0.9959155917167664,True,0.9936953186988832,0.9936953186988832,True,0.9999988,0.9999988,True,0.9999987,0.9999987,6,True,0.9936953186988832,0.9982549355125427,0.999998927116394,153a32e07977c9e9518aec4376588ac0c5c48a633a66186614a36c67ba47ec4e,47,62,80249ae4e22d252b0d58338e191c5cd6a306d18f7e454a6277d0e3f9ff533595,0b2a28119e668e7f20934363e68bc2c9c39e94d0acf4382e6df557f114f6ee40,2
XAI_STAB_059,XAI_0498,8670,s0018/s0018_03704_0_0_1_0_1_01.png,s0018_03704_0_0_1_0_1_01.png,s0018,1,0,0,0,1,1,test,1,open,True,1.0,1.0,True,0.9999665021896362,0.9999665021896362,True,1.0,1.0,True,0.9999959468841552,0.9999959468841552,True,0.9994924,0.9994924,True,0.99999774,0.99999774,6,True,0.9994924,0.9999087648456321,1.0,1d153760dc99b696168418b1075919e69b44050ba1ad1fb2629be2e2c83c5f9c,60,62,d3ba8e7ba2ce7256504e1ae9f9ba82a15b34fcad25818f0c504fe276556491a7,0d1f4d564892663df3393a1f1935ad40dec7033f9d29f7f852380401e713ca94,3
XAI_STAB_060,XAI_0484,9129,s0018/s0018_04163_0_1_1_2_0_01.png,s0018_04163_0_1_1_2_0_01.png,s0018,1,0,1,2,0,1,test,1,open,True,0.9998040795326232,0.9998040795326232,True,0.7688268423080444,0.7688268423080444,True,0.867378294467926,0.867378294467926,True,0.9937273263931274,0.9937273263931274,True,0.9464039,0.9464039,True,0.99990237,0.99990237,6,True,0.7688268423080444,0.9293404687836202,0.99990237,146cb1dc11894af32eb120dc8c2316c0114b83b9543cfc178f6a8ceedca689c7,46,62,6403b471cc543a3a3677b0a826327114d1a82a59b305afbdcde86dbaae1249b3,12b54a988d5306888469c0eb86df7b912b587add5e80bba4aa4c6bda2b392629,4
XAI_STAB_061,XAI_0443,9061,s0018/s0018_04095_0_1_1_0_0_01.png,s0018_04095_0_1_1_0_0_01.png,s0018,1,0,1,0,0,1,test,1,open,True,0.9484641551971436,0.9484641551971436,True,0.9829639196395874,0.9829639196395874,True,0.8364846706390381,0.8364846706390381,True,0.8658029437065125,0.8658029437065125,True,0.5873362,0.5873362,True,0.9691251,0.9691251,6,True,0.5873362,0.865029498197047,0.9829639196395874,019de3d7dc15e150fcd71b149d69213ad3120fb4f1e7316eb63099063445f6c3,5,62,fa199a88c1574c4b012410313283066d964e69520c66955e62a5ca63df4e8405,14481aa4f198576ffdb40429def6e87f4779631ac34be68e6b9b1ffa977cb251,5
XAI_STAB_062,XAI_0439,8874,s0018/s0018_03908_0_0_1_0_1_01.png,s0018_03908_0_0_1_0_1_01.png,s0018,1,0,0,0,1,1,test,1,open,True,1.0,1.0,True,0.9999961853027344,0.9999961853027344,True,0.9999997615814208,0.9999997615814208,True,0.9999456405639648,0.9999456405639648,True,0.99999917,0.99999917,True,0.99999964,0.99999964,6,True,0.9999456405639648,0.9999900662413532,1.0,00220879877b964725e3f45daa859aca211f8755e07d0b72201040cfe08beaae,1,62,6fd7af1be0077bac5f650ac76627a6ed0795d616a200f9bee65233ebc3157ae8,157218408635301f3ec9ea43885f62a296cf16c467b43d880ca75bead110b929,6
XAI_STAB_063,XAI_0493,8940,s0018/s0018_03974_0_0_1_0_1_01.png,s0018_03974_0_0_1_0_1_01.png,s0018,1,0,0,0,1,1,test,1,open,True,1.0,1.0,True,0.9999998807907104,0.9999998807907104,True,1.0,1.0,True,0.9999972581863404,0.9999972581863404,True,1.0,1.0,True,0.9999999,0.9999999,6,True,0.9999972581863404,0.9999995064961751,1.0,1a92044460161e610d825dfd094dcc6d9316fba067319cdd48b90cf0fdf5352b,55,62,7aeaaaaf72ef487c04ad93463abe2f6cfebc48b9edc089a4fe51e58007b5d3b9,1754dfa2d01d7d03473fe6d31eba7153838a14868f7adbf6787220454c73e58d,7
XAI_STAB_064,XAI_0447,8992,s0018/s0018_04026_0_0_1_0_1_01.png,s0018_04026_0_0_1_0_1_01.png,s0018,1,0,0,0,1,1,test,1,open,True,1.0,1.0,True,0.9999979734420776,0.9999979734420776,True,1.0,1.0,True,0.9999985694885254,0.9999985694885254,True,0.99999964,0.99999964,True,0.99999917,0.99999917,6,True,0.9999979734420776,0.9999992254884339,1.0,052ea588d21cb6bd0d424ce252035fa110568e6a0ab0c29d53bf2a6af2fc3cb9,9,62,a5fccbff3cae86a4e7046265ea98ec41828c86ffcdef37fd6e3f704f441357fe,1c5955bde058af629f803b79fc7681240e8d7fcf1ae3896622a862433e175376,8
