subject_id,true_class,xai_sample_id,xai_sample_number,relative_path,subject_class_sample_count,participant_class_median_mean_deletion,six_model_mean_deletion,absolute_distance_to_median
s0002,closed,XAI_0037,37,s0002/s0002_00555_0_0_0_0_0_01.png,50,0.965205510841531,0.9660260519620524,0.0008205411205213
s0002,open,XAI_0251,251,s0002/s0002_01018_0_0_1_0_0_01.png,63,0.7616657670187936,0.7616657670187936,0.0
s0008,closed,XAI_0055,55,s0008/s0008_00519_0_1_0_0_0_01.png,50,0.8826342965683103,0.8805763525621372,0.002057944006173
s0015,closed,XAI_0107,107,s0015/s0015_00173_0_0_0_0_1_01.png,50,0.9067104546682652,0.9053981180793832,0.001312336588882
s0015,open,XAI_0315,315,s0015/s0015_00922_0_0_1_0_1_01.png,63,0.919984314216275,0.919984314216275,0.0
s0016,closed,XAI_0154,154,s0016/s0016_01419_1_0_0_0_1_01.png,50,0.8661971175805252,0.8551381082842706,0.0110590092962545
s0016,open,XAI_0424,424,s0016/s0016_01856_1_0_1_0_0_01.png,62,0.4132003109397736,0.4403131935174144,0.0271128825776407
s0018,closed,XAI_0203,203,s0018/s0018_02297_0_1_0_2_1_01.png,50,0.9280000490049748,0.927877031838753,0.0001230171662218
s0018,open,XAI_0441,441,s0018/s0018_03946_0_0_1_0_1_01.png,62,0.8325049286272103,0.8382022398414039,0.0056973112141935
